aeñ breeroo,,a badger,,noun,awa,animal,,,,,
aeñ noor,,a bear,,noun,awa,animal,,,,,
aeñ kaastor,,a beaver,,noun,awa,animal,,,,,
aeñ naamoo,,a bee,,noun,awa,animal,,,,,
aeñ nweezoo,,a bird,,noun,awa,animal,,,,,
aeñ buffloo,,a buffalo,,noun,awa,animal,,,,,
aeñ maemaeñgwaeñ(?),,a butterfly,,noun,awa,animal,,,,,
aeñ kariboo(?),,a caribou,,noun,awa,animal,,,,,
en shat,,a cat (female),,noun,awa,animal,,,,,
aeñ shaa,,a cat (male),,noun,awa,animal,,,,,
en pol,,a chicken,,noun,awa,animal,,,,,
en swis baarii,,a chipmunk,,noun,awa,animal,,,,,
en vash,,a cow,,noun,awa,animal,,,,,
en krichee(?),,a cricket,,noun,awa,animal,,,,,
aeñ shoovreu(?),,a deer,,noun,awa,animal,,,,,
aeñ shyaeñ,,a dog,,noun,awa,animal,,,,,
aeñ kanaar,,a duck,,noun,awa,animal,,,,,
aeñ pwesooñ,,a fish,,noun,awa,animal,,,,,
en moosh,,a fly,,noun,awa,animal,,,,,
aeñ rinaar,,a fox,,noun,awa,animal,,,,,
aeñ shev,,a goat,,noun,awa,animal,,,,,
aeñ zwee,,a goose,,noun,awa,animal,,,,,
en sootrel,,a grasshopper,,noun,awa,animal,,,,,
aeñ moov,,a gull,,noun,awa,animal,,,,,
aeñ zhwaal,,a horse,,noun,awa,animal,,,,,
aeñ minoosh,,a kitty,,noun,awa,animal,,,,,
aeñ lizaar,,a lizard,,noun,awa,animal,,,,,
aeñ naariyael(?),,a moose,,noun,awa,animal,,,,,
aeñ maraeñgwaeñ(?),,a mosquito,,noun,awa,animal,,,,,
aeñ soorii,,a mouse,,noun,awa,animal,,,,,
en paadrii,,a partridge,,noun,awa,animal,,,,,
aeñ nanimaal di meezooñ,,a pet,,noun,awa,animal,,,,,
aeñ piizhooñ,,a pidgeon,,noun,awa,animal,,,,,
aeñ kwashooñ,,a pig,,noun,awa,animal,,,,,
aeñ lyeev,,a rabbit,,noun,awa,animal,,,,,
aeñ shaa savaezh(?),,a raccoon,,noun,awa,animal,,,,,
en griiv,,a robin,,noun,awa,animal,,,,,
aeñ mwatooñ,,a sheep,,noun,awa,animal,,,,,
aeñ shikaak,,a skunk,,noun,awa,animal,,,,,
en kooleev(?),,a snake,,noun,awa,animal,,,,,
aeñ kaanookaat(?),,a spider,,noun,awa,animal,,,,,
en swis,,a squirrel,,noun,awa,animal,,,,,
en den,,a turkey,,noun,awa,animal,,,,,
en torcheu,,a turtle,,noun,awa,animal,,,,,
en blet,,a weasel,,noun,awa,animal,,,,,
aeñ loo,,a wolf,,noun,awa,animal,,,,,
aeñ veer(?),,a worm,,noun,awa,animal,,,,,
aeñ nanimaal,,an animal,,noun,awa,animal,,,,,
aeñ frimii(?),,an ant,,noun,awa,animal,,,,,
aeñ naegl,,an eagle,,noun,awa,animal,,,,,
en bish,,an elk,,noun,awa,animal,,,,,
aeñ yiiboo,,an owl,,noun,awa,animal,,,,,
lii zanimaal,,animals,,noun,awa,animal,,,,,
lii zweezoo,,birds,,noun,awa,animal,,,,,
lii zanimaal di meezooñ,,pets (animals),,noun,awa,animal,,,,,
l’animaal,,the animal,,noun,awa,animal,,,,,
l’oor,,the bear,,noun,awa,animal,,,,,
l’aamoo,,the bee,,noun,awa,animal,,,,,
l’weezoo,,the bird,,noun,awa,animal,,,,,
l’aegl,,the eagle,,noun,awa,animal,,,,,
l’aariyael(?),,the moose,,noun,awa,animal,,,,,
l’animaal di meezooñ,,the pet,,noun,awa,animal,,,,,
lii zhvoo,,horses,,noun,ookik,animal,,,,,
aeñ vyalooñ,,a fiddle (instrument),,noun,ooma,art,,,,,
la meuzik,,music,,noun,,art,,,,,
li kaafii,,coffee,,noun,ooma,beverages,,,,,
il zheu,,juice,,noun,ooma,beverages,,,,,
dilet,,milk,,noun,ooma,beverages,,,,,
li tii,,tea,,noun,ooma,beverages,,,,,
diloo,,water,,noun,ooma,beverages,,,,,
li vaeñ,,wine,,noun,ooma,beverages,,,,,
aeñ zoo,,a bone,,noun,ooma,body,,,,,
en zhaamb,,a leg,,noun,ooma,body,,,,,
en zel,,a wing,,noun,ooma,body,,,,,
aeñ braa,,an arm,,noun,ooma,body,,,,,
aeñ naree,,an ear,,noun,ooma,body,,aeñ zaree,,,
aeñ reum,,a cold (illness),,noun,,body,illness,,,,
la grip,,the flu (illness),,noun,,body,illness,,,,
en seencheur,,a belt,,noun,awa,clothing,accessories,,,,
en krimon,,a scarf,,noun,awa,clothing,accessories,,,,
aeñ baa,,a sock,,noun,awa,clothing,,,,,
aeñ kol,,a tie,,noun,awa,clothing,,,,,
la kilot di twel bleu,,jeans,,noun,awa,clothing,,,,,
la kilot,,pants,,noun,awa,clothing,,,,,
la kilot kor,,shorts,,noun,awa,clothing,,,,,
aeñ shapoo,,a hat,,noun,ooma,clothing,accessories,,,,
en kasket,,a cap,,noun,ooma,clothing,,,,,
aeñ kapoo,,a coat,,noun,ooma,clothing,,,,,
en rob,,a dress,,noun,ooma,clothing,,,,,
en rob ditseu,,a housecoat,,noun,ooma,clothing,,,,,
aeñ zhilee,,a jacket; a blazer,,noun,ooma,clothing,,,,,
en posh,,a pocket,,noun,ooma,clothing,,,,,
aeñ kapoo di pwii,,a raincoat,,noun,ooma,clothing,,,,,
en shmiizh,,a shirt,,noun,ooma,clothing,,,,,
aeñ sooyii,,a shoe,,noun,ooma,clothing,,,,,
en zheup,,a skirt,,noun,ooma,clothing,,,,,
aeñ sooyii di meezooñ,,a slipper,,noun,ooma,clothing,,,,,
aeñ nabiimaa,,a suit,,noun,ooma,clothing,,,,,
aeñ sweter,,a sweater,,noun,ooma,clothing,,,,,
en t-shirt,,a T-shirt,,noun,ooma,clothing,,,,,
en cheuk,,a toque,,noun,ooma,clothing,,,,,
aeñ kapoo d’iveer,,a winter coat,,noun,ooma,clothing,,,,,
en shmiizh disoor,,an undershirt,,noun,ooma,clothing,,,,,
li bitaeñ,,clothing,,noun,ooma,clothing,,,,,
li bitaeñ’d swer,,pajamas,,noun,ooma,clothing,,,,,
l’abiimaa,,the suit,,noun,ooma,clothing,,,,,
li bitaeñ disoor,,underwear,,noun,ooma,clothing,,,,,
lii tayt,,tights,,noun,,clothing,,,,,
nweer,,black,,adjective,,colour,,,,,
bleu,,blue,,adjective,,colour,,,,,
brun,,brown,,adjective,,colour,,,,,
shakwalaa,,brown,,adjective,,colour,,,,,
li koleur,,colour,,adjective,,colour,,,,,
lor,,gold,,adjective,,colour,,,,,
veer,,green,,adjective,,colour,,,,,
grii,,grey,,adjective,,colour,,,,,
araañzh,,orange,,adjective,,colour,,,,,
koleur di rooz,,pink,,adjective,,colour,,,,,
vyalet,,purple,,adjective,,colour,,,,,
roozh,,red,,adjective,,colour,,,,,
larzhaañ,,silver,,adjective,,colour,,,,,
blaañ,,white,,adjective,,colour,,,,,
zhoon,,yellow,,adjective,,colour,,,,,
zhi pa sartaeñ,,I am confused,confused,adjective,,descriptor,emotions,,,,
ili pa sartaeñ,,s/he is confused,confused,adjective,,descriptor,emotions,,,,
zhi dikorazhii,,I am frustrated/discouraged,frustrated/discouraged,adjective,,descriptor,emotions,,,,
ili dikorazhii,,s/he is frustrated/discouraged,frustrated/discouraged,adjective,,descriptor,emotions,,,,
zhi nerveu,,I am nervous,nervous,adjective,,descriptor,emotions,,,,
ili nerveu,,s/he is nervous,nervous,adjective,,descriptor,emotions,,,,
zhi kajeuk,,I am sad,sad,adjective,,descriptor,emotions,,,,
ili kajeuk,,s/he is sad,sad,adjective,,descriptor,emotions,,,,
zhi dimotii,,I am surprised,surprised,adjective,,descriptor,emotions,,,,
ili dimotii,,s/he is surprised,surprised,adjective,,descriptor,emotions,,,,
zhi pa kooñtaañ,,I am upset,upset,adjective,,descriptor,emotions,,,,
ili pa kooñtooñ,,s/he is upset,upset,adjective,,descriptor,emotions,,,,
zhi aeñket,,I am worried,worried,adjective,,descriptor,emotions,,,,
ili aeñket,,s/he is worried,worried,adjective,,descriptor,emotions,,,,
peehkaach,,slowly,,adjective,,descriptor,current state,,,,
ili parii,,-something; someone- is ready,,adjective,,descriptor,,,,,
apishiish,,a little bit,,,,descriptor,,,,,
en peer,,a pair,,,,descriptor,,,,,
kiihtwaam,,again,,adverb,,descriptor,,,,,
keekaach,,close; almost,,adverb,,descriptor,,keekaat,,,
kwayesh,,correct,,adjective,,descriptor,,,,,
zhi parii,,I am ready,,adjective,,descriptor,,,,,
nawach apishiish,,less,,adjective,,descriptor,,nawat apishiish,,,
mishcheet(?),,many; numerous,,adjective,,descriptor,,,,,
kiyaapich nawat,,more,,,,descriptor,,kiyaapit nawat; kiyaapich nawach,,Kiyaapich nawat sii vuu plee!,More please!
namakeekway,,nothing; there isn’t any,,,,descriptor,,,,,
taapishkooch,,similar to; just like,,adjective,,descriptor,,taapishkoot,,,
shishikwach,,suddenly,,adverb,,descriptor,,shishikwat,,,
li miyeur,,the best,,noun,,descriptor,,,,,
peeyakwan,,the same,,,,descriptor,,,,,
oshaam,,too much,,adjective,,descriptor,,,,,
miina,,"too, also, again",,preposition,,descriptor,,,,,
kayaa,,don’t (do that),,,,directions,command,,,,
aañleer,,above; up; upstairs,,preposition,,directions,,,,Li portree aañleer la taeb ashteew.,The picture is above the table.
mishiwee,,all over,,preposition,,directions,,,,,
zeusk a,,all the way to,,preposition,,directions,,,,,
pi,,and,,conjunction,,directions,,,,Gii-miichin lii zhaamb di pol pi lii pataak daañ la gres.,I ate chicken legs and fried potatoes.
daryeer,,behind,,preposition,,directions,,,,,
aañbaa,,below; under; down; downstairs,,,,directions,,,,La taeb aañbaa li portree ashteew.,The table is below the picture.
akotii,,beside,,preposition,,directions,,,,La sheez akotii la taeb ashteew.,The chair is beside the table.
aañter,,between,,preposition,,directions,,,,Ma meezooñ aañter l’ikol pi l’igliiz.,My house is between the school and the church.
mishiwee,,everywhere,,adverb,,directions,,,,,
oschi,,from,,preposition,,directions,,,,,
oota,,here,,,,directions,,,,,
daeñ,,in a; on a (used with “aeñ”),,preposition,,directions,,,This is a contraction of “daañ aeñ”.,daeñ liivr; daeñ nasyet,in a book; on a plate
den,,in a; on a (used with “en”),,preposition,,directions,,,This is a contraction of “daañ en”.,Wiikiw den farm. Ni-wiikin den meezooñ.,He lives on a farm. I live in a house.
divaañ,,in front of,,preposition,,directions,,,,,
daañ li miljeu,,in the middle,,,,directions,,,,,
didaañ,,in; inside,,preposition,,directions,,,,Li lyeev didaañ li shapoo ayaaw.,The rabbit is inside the hat.
cheekwat,,instead,,adverb,,directions,,,,,
araa,,near,,preposition,,directions,,,,,
namanaandaaw,,nowhere,,adverb,,directions,,,,,
daañ _____ oschi,,off of; out of,,preposition,,directions,,,,,
diseu,,on,,preposition,,directions,,deseu,,La bol diseu la taeb ashteew.,The cup is on the table.
daañ,,onto; into; on; in,,preposition,,directions,,,,,
oo baeñ,,or,,conjunction,,directions,,,,Li kaafii oo baeñ li tii ki-nohtee-minihkwaan?,
eekotee,,out that way; over there,,,,directions,,,,,
dahoor,,outside,,noun,,directions,,,,,
naandaaw,,somewhere,,adverb,,directions,,,,,
iitaa,,that place where,,,,directions,,,,,
eekotee teehkee,,that way,,,,directions,,,,,
eekota,,there (close by),,,,directions,,,,,
ootee teehkee,,this way,,,,directions,,,,,
a,,to,,preposition,,directions,,,,,
teehkee,,towards; side,,,,directions,,,,Noohkom ni-maamaa teehkee awa.,This is my grandmother on my mother’s side.
disoor,,under,,preposition,,directions,,,,Li shyaeñ disoor la taeb ayaaw.,The dog is under the table.
zeusk,,up to; until,,preposition,,directions,,,,,
neetee,,way over there,,,,directions,,,,,
avik,,with,,preposition,,directions,,,,,
aeñ narlorzh,,a clock,,noun,awa,electronics,,,,,
l’arlorzh,,the clock,,noun,awa,electronics,,,,,
aeñ laamp,,a lamp,,noun,ooma,electronics,,,,,
en mashin kaa-aataaweekeet li maañzhii,,a vending machine,,noun,,electronics,,,,,
aeñ muffin,,a muffin,,noun,awa,food,breakfast,,,,
en krep,,a pancake,,noun,awa,food,breakfast,,,,
la galet,,bannock,,noun,awa,food,breakfast,,,,
li paeñ,,bread,,noun,awa,food,breakfast,,,,
li toos,,toast,,noun,awa,food,breakfast,,,,
aeñ gaatoo,,a cake,,noun,awa,food,dessert,,,,
aeñ biskwii,,a cookie,,noun,awa,food,dessert,,,,
aeñ kapkeek,,a cupcake,,noun,awa,food,dessert,,,,
aeñ taart,,a pie,,noun,awa,food,dessert,,,,
en pchit taart,,a tart,,noun,awa,food,dessert,,,,
la poochin,,pudding,,noun,awa,food,dessert,,,,
en banaan,,a banana,,noun,awa,food,fruit,,,,
aeñ sitrooñ,,a lemon,,noun,awa,food,fruit,,,,
aeñ lime,,a lime,,noun,awa,food,fruit,,,,
en pesh,,a peach,,noun,awa,food,fruit,,,,
en fraambweez,,a raspberry,,noun,awa,food,fruit,,,,
en pom,,an apple,,noun,awa,food,fruit,,,,
aeñ naraañzh,,an orange,,noun,awa,food,fruit,,,,
l’araañzh,,the orange,,noun,awa,food,fruit,,,,
aeñ hamburger,,a hamburger,,noun,awa,food,meal,,,,
en pizza,,a pizza,,noun,awa,food,meal,,,,
aeñ sandwich,,a sandwich,,noun,awa,food,meal,,,,
li paasta,,pasta,,noun,awa,food,meal,,,,
la pol,,chicken,,noun,awa,food,meat,,,,
li mwatooñ,,lamb,,noun,awa,food,meat,,,,
la den,,turkey,,noun,awa,food,meat,,,,
li pwesooñ,,fish,,noun,awa,food,seafood,,,,
li popcorn,,popcorn,,noun,awa,food,snack,,,,
aeñ fev,,a bean,,noun,awa,food,vegetable,,,,
en batraav,,a beet,,noun,awa,food,vegetable,,,,
la shoo,,a cabbage,,noun,awa,food,vegetable,,,,
en karot,,a carrot,,noun,awa,food,vegetable,,,,
la kokoomb,,a cucumber,,noun,awa,food,vegetable,,,,
aeñ pwaa,,a pea,,noun,awa,food,vegetable,,,,
en pataak,,a potato,,noun,awa,food,vegetable,,,,
en tomat,,a tomato,,noun,awa,food,vegetable,,,Marlee miyeeyimeew lii tomat.,Marlee likes tomatoes.
aeñ zayooñ,,an onion,,noun,awa,food,vegetable,,,,
li bladaeñ,,corn,,noun,awa,food,vegetable,,,,
la paat,,dough,,noun,awa,food,,,,,
la farin,,flour,,noun,awa,food,,,,,
lii boolet,,Michif meatballs,,noun,ookik,food,meal,,,,
aeñ zaef,,an egg,,noun,ooma,food,breakfast,,,,
li porij,,porridge,,noun,ooma,food,breakfast,,,,
li yogurt,,yogurt,,noun,ooma,food,breakfast,,,,
li beur,,butter,,noun,ooma,food,condiment,,,,
li framaezh,,cheese,,noun,ooma,food,condiment,,,,
la soos,,gravy,,noun,ooma,food,condiment,,,,
li myel,,honey,,noun,ooma,food,condiment,,,,
la kooñficheur,,jam,,noun,ooma,food,condiment,,,,
li wil,,oil,,noun,ooma,food,condiment,,,,
li pweev,,pepper,,noun,ooma,food,condiment,,,,
li soos di salaad,,salad dressing,,noun,ooma,food,condiment,,,,
li sel,,salt,,noun,ooma,food,condiment,,,,
li seuk,,sugar,,noun,ooma,food,condiment,,,,
li siiroo,,syrup,,noun,ooma,food,condiment,,,,
li vinaegr,,vinegar,,noun,ooma,food,condiment,,,,
aeñ kaandii,,a candy,,noun,ooma,food,dessert,,,,
li shaakwalaa,,chocolate,,noun,ooma,food,dessert,,,,
la krem di glaas,,ice cream,,noun,ooma,food,dessert,,,,
en freez,,a strawberry,,noun,ooma,food,fruit,,,,
li dizhenii,,breakfast,,noun,ooma,food,meal,,,,
li siryel,,cereal,,noun,ooma,food,meal,,,,
li soopii,,dinner; supper,,noun,ooma,food,meal,,,,
li jinii,,lunch,,noun,ooma,food,meal,,,,
li rii,,rice,,noun,ooma,food,meal,,,,
la salaad,,salad,,noun,ooma,food,meal,,,,
la soop,,soup,,noun,ooma,food,meal,,,,
li raagoo,,stew,,noun,ooma,food,meal,,,,
en roochii,,a roast,,noun,ooma,food,meat,,,,
li laar bokanii,,bacon,,noun,ooma,food,meat,,,,
li zhaañbooñ,,ham,,noun,ooma,food,meat,,,,
la vyaañd,,meat,,noun,ooma,food,meat,,,,
aeñ zhardinaazh,,a vegetable,,noun,ooma,food,vegetable,,,,
li braaklii,,broccoli,,noun,ooma,food,vegetable,,,,
la shoofleur,,cauliflower,,noun,ooma,food,vegetable,,,,
la selrii,,celery,,noun,ooma,food,vegetable,,,,
la fy di salaad,,lettuce,,noun,ooma,food,vegetable,,,,
aeñ sak di tii,,a teabag,,noun,ooma,food,,,,,
li poodr a paat,,baking powder,,noun,ooma,food,,,,,
la krem,,cream,,noun,ooma,food,,,,,
li maañzhii,,food,,noun,ooma,food,,,,,
li laar,,lard,,noun,ooma,food,,,,,
en pweer,,a pear,,noun,,food,fruit,,,,
aeñ kanaar,,a kettle,,noun,awa,home,kitchen,,,,
en choyeer,,a spoon,,noun,awa,home,kitchen,,,,
en choyeer aañ bwaa,,a wooden spoon,,noun,awa,home,kitchen,,,,
li pwel,,cooktop,,noun,awa,home,kitchen,,,,
en shayeer,,a bucket,,noun,awa,home,,,,,
aeñ plaa por lii biskwii,,a cookie sheet,,noun,ooma,home,kitchen,,,,
en bol,,a cup,,noun,ooma,home,kitchen,,,,
en foorshet,,a fork,,noun,ooma,home,kitchen,,,,
aeñ kootoo,,a knife,,noun,ooma,home,kitchen,,,,
aeñ groo plaa,,a mixing bowl,,noun,ooma,home,kitchen,,,,
aeñ nasyet,,a plate,,noun,ooma,home,kitchen,,,,
la fornoo,,oven,,noun,ooma,home,kitchen,,,,
l’asyet,,the plate,,noun,ooma,home,kitchen,,,,
la shaambr ishpimihk,,attic,,noun,ooma,home,room,,,,
la kaev,,basement,,noun,ooma,home,room,,,,
la shaambr ita kaa-kawishimohk,,bedroom,,noun,ooma,home,room,,,,
ita kaa-akooteehki lii bitaeñ,,closet,,noun,ooma,home,room,,,,
la shaambr kaa-miitshohk,,dining room,,noun,ooma,home,room,,,,
li garaazh,,garage,,noun,ooma,home,room,,,,
la chwiizin,,kitchen,,noun,ooma,home,room,,,,
la shaambr por chi-kishiipeekinikeehk,,laundry room,,noun,ooma,home,room,,,,
la salooñ,,living room,,noun,ooma,home,room,,,,
la shaambr por lii beebii,,nursery,,noun,ooma,home,room,,,,
l’aafis,,office,,noun,ooma,home,room,,,,
la pchit shaambr por li maañzhii,,pantry,,noun,ooma,home,room,,,,
la plaas ita kaa-pakaashimohk,,powder room,,noun,ooma,home,room,,,,
dahoor alaañtoor la meezooñ,,yard,,noun,ooma,home,room,,,,
aeñ lii,,a bed,,noun,ooma,home,,,,,
aeñ liivr,,a book,,noun,ooma,home,,,,,
aeñ rak di liivr,,a bookcase,,noun,ooma,home,,,,,
en bwet,,a box,,noun,ooma,home,,,,,
en sheez,,a chair,,noun,ooma,home,,,,,
en klii,,a key,,noun,ooma,home,,,,,
aeñ kriyooñ,,a pencil,,noun,ooma,home,,,,,
aeñ portree,,a picture,,noun,ooma,home,,,,,
aeñ tapii,,a rug,,noun,ooma,home,,,,,
en taeb,,a table,,noun,ooma,home,,en taab,,,
aeñ shaasii,,a window,,noun,ooma,home,,,,,
li plafooñ,,ceiling,,noun,ooma,home,,,,,
la plaañshii,,floor,,noun,ooma,home,,,,,
la meury,,wall,,noun,ooma,home,,,,,
aeñ dii,,die (singular of dice),,noun,,home,game,,,,
aeñ zhaan d’ikol,,a student,,noun,,job,,,,,
en metres d’ikol,,a teacher (female),,noun,,job,,,,,
aeñ metr d’ikol,,a teacher (male),,noun,,job,,,,,
aeñ pooñ,,a bridge,,noun,,location,,,,,
en groo vil,,a city,,noun,,location,,,,,
en meezooñ,,a house,,noun,,location,,,,,
aeñ magazaeñ,,a store/shop,,noun,,location,,,,,
aeñ shmaeñ,,a street/road,,noun,,location,,,,,
en vil,,a town,,noun,,location,,,,,
en bacheez di shaar,,a train station,,noun,,location,,,,,
l’igliiz,,church,,noun,,location,,,,,
l’aafis,,office,,noun,,location,,,,,
l’ikol,,school,,noun,,location,,,,,
aeñ morsoo,,a piece,,noun,ooma,misc. nouns,,,,aeñ morsoo di pwesooñ; lii morsoo di framaezh,a piece of fish; some pieces of cheese
en griyad,,a slice,,noun,ooma,misc. nouns,,,,en griyad di laar bokanii,a slice of bacon
en traañsh,,a slice,,noun,ooma,misc. nouns,,,,en traañsh di paeñ; en traañsh di pom,a slice of bread; a slice of apple
aeñ troo,,a hole,,noun,,misc. nouns,,,,,
aeñ nooñ,,a name,,noun,,misc. nouns,,,,,
en pwii,,a well (hole),,noun,,misc. nouns,,,,,
noo,,no,,noun,,misc. nouns,,,,,
wii,,yes,,noun,,misc. nouns,,,,,
la glas,,ice,,noun,awa,nature,weather,,,,
en rosh,,a rock,,noun,awa,nature,,,,,
aeñ nitwel,,a star,,noun,awa,nature,,,,,
aeñ tramb,,a tree,,noun,awa,nature,,,,,
aeñ naarb,,a tree,,noun,awa,nature,,,,,
la luun,,moon,,noun,awa,nature,,,,,
la niizh,,snow,,noun,awa,nature,,,,,
l’itwel,,the star,,noun,awa,nature,,,,,
l’aarb,,the tree,,noun,awa,nature,,,,,
en podirii,,a blizzard,,noun,ooma,nature,weather,,,,
en nwaazh,,a cloud,,noun,ooma,nature,weather,,,,
aeñ nark aañ syel,,a rainbow,,noun,ooma,nature,weather,,,,
en taañpet di niizh,,a snowstorm,,noun,ooma,nature,weather,,,,
aeñ taañpet,,a storm,,noun,ooma,nature,weather,,,,
en taañpet di toneur,,a thunderstorm,,noun,ooma,nature,weather,,,,
aeñ siklooñ,,a tornado,,noun,ooma,nature,weather,,,,
en taañpet di vaañ,,a windstorm,,noun,ooma,nature,weather,,,,
lii zikleer,,lightning,,noun,ooma,nature,weather,,,,
la pwii,,rain,,noun,ooma,nature,weather,,,,
l’ark aañ syel,,the rainbow,,noun,ooma,nature,weather,,,,
li vaañ,,wind,,noun,ooma,nature,weather,,,,
en fleur,,a flower,,noun,ooma,nature,,,,,
aeñ graañ bwaa,,a forest,,noun,ooma,nature,,,,,
en fy,,a leaf,,noun,ooma,nature,,,,,
en mooñtayn(?),,a mountain,,noun,ooma,nature,,,,,
en meer,,a sea; an ocean,,noun,ooma,nature,,,,,
aeñ laak,,a lake,,noun,,nature,,,,,
en rivyeer,,a river,,noun,,nature,,,,,
la teer,,Earth,,noun,,nature,,,,,
li fwaeñ veer,,grass,,noun,,nature,,,,,
li syel,,sky,,noun,,nature,,,,,
la teer,,soil/earth,,noun,,nature,,,,,
li salee,,sun,,noun,,nature,,,,,
la mooñd,,world,,noun,,nature,,,,,
saañchyem,,100th; one hundredth ,,number,,numbers,order,,,,
jisyem,,10th; tenth,,number,,numbers,order,,,,
la promyer,,1st; first (female),,number,,numbers,order,,,,
li promyii,,1st; first (male),,number,,numbers,order,,,,
vaeñchyem,,20th; twentieth,,number,,numbers,order,,,,
vaeñtiyaeñyem,,21st; twenty-first,,number,,numbers,order,,,,
vaeñt-deuzyem,,22nd; twenty-second,,number,,numbers,order,,,,
li deuzyem ,,2nd; second,,number,,numbers,order,,,,
li trwaazyem ,,3rd; third,,number,,numbers,order,,,,
li kaetryem ,,4th; fourth,,number,,numbers,order,,,,
li saeñkyem ,,5th; fifth,,number,,numbers,order,,,,
li sizyem,,6th; sixth,,number,,numbers,order,,,,
li sechyem,,7th; seventh,,number,,numbers,order,,,,
wichyem,,8th; eighth,,number,,numbers,order,,,,
naevyem,,9th; ninth,,number,,numbers,order,,,,
peeyek,,1,,number,,numbers,,peeyak,“hen” is another word for “one”,,
hen,,1,,number,,numbers,,,“peeyek” is another word for “one”,,
deu,,2,,number,,numbers,,,,,
trwaa,,3,,number,,numbers,,,,,
kaat,,4,,number,,numbers,,kaatr; kaet; kaetr,,,
saeñk,,5,,number,,numbers,,,,,
sis,,6,,number,,numbers,,,,,
set,,7,,number,,numbers,,,,,
wit,,8,,number,,numbers,,,,,
naef,,9,,number,,numbers,,neuf,,,
jis ,,10,,number,,numbers,,,,,
ooñz ,,11,,number,,numbers,,,,,
dooz ,,12,,number,,numbers,,,,,
treez ,,13,,number,,numbers,,,,,
katoorz ,,14,,number,,numbers,,,,,
kaeñz ,,15,,number,,numbers,,,,,
seez ,,16,,number,,numbers,,,,,
jiset ,,17,,number,,numbers,,,,,
jiswit ,,18,,number,,numbers,,,,,
jisnaef ,,19,,number,,numbers,,,,,
vaeñ ,,20,,number,,numbers,,,,,
vaeñtiyaeñ ,,21,,number,,numbers,,,,,
vaeñ deu,,22,,number,,numbers,,,,,
traañt ,,30,,number,,numbers,,,,,
traañtiyaeñ,,31,,number,,numbers,,,,,
traañt deu,,32,,number,,numbers,,,,,
karaañt ,,40,,number,,numbers,,,,,
karaañtiyaeñ,,41,,number,,numbers,,,,,
karaañt deu,,42,,number,,numbers,,,,,
saeñkaañt ,,50,,number,,numbers,,,,,
saeñkaañtiyaeñ,,51,,number,,numbers,,,,,
saeñkaañt deu,,52,,number,,numbers,,,,,
swasaañt ,,60,,number,,numbers,,,,,
swasaañtiyaeñ,,61,,number,,numbers,,,,,
swasaañt deu,,62,,number,,numbers,,,,,
swasaañt jis ,,70,,number,,numbers,,,,,
swasaañtiooñz,,71,,number,,numbers,,,,,
swasaañtidooz,,72,,number,,numbers,,,,,
swasaañtitreez,,73,,number,,numbers,,,,,
swasaañtikatoorz,,74,,number,,numbers,,,,,
swasaañtikaeñz,,75,,number,,numbers,,,,,
swasaañtiseez,,76,,number,,numbers,,,,,
swasaañ jiset,,77,,number,,numbers,,,,,
swasaañ jiswit,,78,,number,,numbers,,,,,
swasaañ jisnaef,,79,,number,,numbers,,,,,
katravaeñ ,,80,,number,,numbers,,kaetravaeñ,,,
katravaeñtiyaeñ,,81,,number,,numbers,,kaetravaeñtiyaeñ,,,
katravaeñ deu,,82,,number,,numbers,,kaetravaeñ deu,,,
katravaeñ jis ,,90,,number,,numbers,,kaetravaeñ jis,,,
katravaeñtioonz,,91,,number,,numbers,,kaetravaeñtioonz,,,
katravaeñtidooz,,92,,number,,numbers,,kaetravaeñtidooz,,,
katravaeñtitreez,,93,,number,,numbers,,kaetravaeñtitreez,,,
katravaeñtikatoorz,,94,,number,,numbers,,kaetravaeñtikatoorz,,,
katravaeñtikaeñz,,95,,number,,numbers,,kaetravaeñtikaeñz,,,
katravaeñtiseez,,96,,number,,numbers,,kaetravaeñtiseez,,,
katravaeñ jiset,,97,,number,,numbers,,kaetravaeñ jiset,,,
katravaeñ jiswit,,98,,number,,numbers,,kaetravaeñ jiswit,,,
katravaeñ jisnaef,,99,,number,,numbers,,kaetravaeñ jisnaef,,,
saañ,,100,,number,,numbers,,,,,
saañtiyaeñ,,101,,number,,numbers,,,,,
saañ deu,,102,,number,,numbers,,,,,
saañ jis,,110,,number,,numbers,,,,,
mil,,1000,,number,,numbers,,,,,
ji mil(?),,10000,,number,,numbers,,,,,
saañ mil,,100000,,number,,numbers,,,,,
aeñ milyooñ ,,a million,,number,,numbers,,,,,
aeñ noombr,,a number,,number,,numbers,,,,,
aeñ beebii,,a baby,,noun,awa,people,,,,,
aeñ garsooñ,,a boy; a son,,noun,awa,people,,,,,
aeñ freer,,a brother,,noun,awa,people,,,,,
aeñ naañfaañ,,a child,,noun,awa,people,,,,,
en kuuzin,,a cousin (female),,noun,awa,people,,,,,
aeñ kuuzaeñ,,a cousin (male),,noun,awa,people,,,,,
en famii,,a family,,noun,awa,people,,,,,
aeñ paapaa,,a father,,noun,awa,people,,,,,
aeñ naamii,,a friend,,noun,awa,people,,,,,
en fii,,a girl; a daughter,,noun,awa,people,,,,,
aeñ marii,,a husband,,noun,awa,people,,,,,
aeñ nom,,a man,,noun,awa,people,,,,,
aeñ wazeeñ,,a neighbour,,noun,awa,people,,,,,
aeñ niveu,,a nephew,,noun,awa,people,,,,,
en yaeñs,,a niece,,noun,awa,people,,,,,
aeñ paraañ,,a parent,,noun,awa,people,,,,,
aeñ parson,,a person,,noun,awa,people,,,,,
aeñ zhaan,,a person,,noun,awa,people,,,,,
en soeur,,a sister,,noun,awa,people,,,,,
en faam,,a woman; a wife,,noun,awa,people,,,,,
en taañt,,an aunt,,noun,awa,people,,,,,
aeñ nooñk,,an uncle,,noun,awa,people,,,,,
nooshishim,,grandchild,,noun,awa,people,,,,,
moshoom,,grandfather,,noun,awa,people,,,,,
koohkom,,grandmother,,noun,awa,people,,,,,
li mooñd,,human,,noun,awa,people,,,,,
en maamaa,,mother,,noun,awa,people,,,,,
baapaa,,my father,,noun,awa,people,,ni-paapaa,,,
ni-moshoom,,my grandfather,,noun,awa,people,,,,,
noohkom,,my grandmother,,noun,awa,people,,,,,
ni-maamaa,,my mother,,noun,awa,people,,,,,
l’aañfaañ,,the child,,noun,awa,people,,,,,
l’aamii,,the friend,,noun,awa,people,,,,,
l’om,,the man,,noun,awa,people,,,,,
l’ooñk(?),,the uncle,,noun,awa,people,,,,,
kashkaapahsteew,kashkaapahstee-,it is smokey/hazy (weather),be smokey,phrase,ooma:,phrases,weather,,,,
kashkaapahsteenaakwan,kashkaapahstee-,it looks smokey/hazy (weather),be smokey,phrase,ooma:,phrases,weather,,,,
kashkaapahsteetaakwan,kashkaapahstee-,it smells smokey/hazy (weather),be smokey,phrase,ooma:,phrases,weather,,,,
doo-kwashkweepichikee,kwashkweepichikee-,go fish,fish,phrase,,phrases,command,,Can be used in playing “go fish” game.,,
miyotipishka,tipishk-,happy birthday,tipishka-,phrase,awa:,phrases,command,,,,
ashtam,,come,,phrase,awa:,phrases,command,,,,
chweer,,look,,phrase,awa:,phrases,command,,,,
cheshkwa,,wait,,phrase,awa:,phrases,command,,,,
tahkaayaaw,,it is chilly/cool (weather),,phrase,ooma:,phrases,weather,,,,
waasheeshkwan,,it is clear out,,phrase,ooma:,phrases,weather,,,,
yiikwashkwan,,it is cloudy,,phrase,ooma:,phrases,weather,,,,
kishinaaw,,it is cold,,phrase,ooma:,phrases,weather,,,,
piiwan,,it is drifting snow (weather),,phrase,ooma:,phrases,weather,,,,
kimiwashin,,it is drizzling,,phrase,ooma:,phrases,weather,,,,
kishiteew,,it is hot (weather),,phrase,ooma:,phrases,weather,,,,
aapawaaw,,it is mild,,phrase,ooma:,phrases,weather,,,,
kimowan,,it is raining,,phrase,ooma:,phrases,weather,kimiwan,,,
mishpon,,it is snowing,,phrase,ooma:,phrases,weather,,,,
yootin,,it is windy,,phrase,ooma:,phrases,weather,,,,
ishweepin li dii,,roll the die (singular of dice),,phrase,,phrases,command,,,Ishweepin li dii!,Roll the die!
la-brem-iwan,,it is foggy,,phrase,,phrases,weather,,,,
la-grel-iwan,,it is hailing,,phrase,,phrases,weather,,,,
miyokiishikaaw,,it’s a nice day,,phrase,,phrases,weather,,,,
machikiishikaaw,,it’s a stormy day,,phrase,,phrases,weather,,,,
li salee naakoshiw,,the sun is shining,,phrase,,phrases,weather,,,,
taanshi ee-ishikiishikahk,,What’s the weather like?,,phrase,,phrases,weather,,,,
maamashkaach,,awesome; amazing,,phrase,,phrases,,,,,
a baeñ syel,,Good heavens!,,phrase,,phrases,,,,,
bon shaañs,,Good luck!,,phrase,,phrases,,,,,
lii bon noovel,,Good news!,,phrase,,phrases,,,,,
nah,,here you go,,phrase,,phrases,,,,,
wiishta,,him/her/them too (them singular),,phrase,,phrases,,,,,
niya eekwa,,it's my turn; me now,,phrase,,phrases,,,,,
kiya eekwa,,it's your turn; you now,,phrase,,phrases,,,,,
niishta,,me too,,phrase,,phrases,,,,,
no oshaam mistahi,,not too much,,phrase,,phrases,,,,,
keshchinaa,,of course,,phrase,,phrases,,,,,
madooñ,,please,,phrase,,phrases,,,,,
sii vuu plee,,please,,phrase,,phrases,,,,,
kiyaam,,relax; don’t worry,,phrase,,phrases,,,,,
marsii,,thank you,,phrase,,phrases,,,,,
kwayesh anima,,that’s correct,,phrase,,phrases,,,,,
no kwayesh anima,,that’s not correct,,phrase,,phrases,,,,,
s’id valoer,,That’s too bad,,phrase,,phrases,,,,,
taapwee,,Truth!,,phrase,,phrases,,,,,
wahwaa,,wow,,phrase,,phrases,,,,,
kiishta,,you too (you singular),,phrase,,phrases,,,,,
anima,,that,,pronoun,awa,pronouns,,,,,
oohiñ,,these,,pronoun,awa,pronouns,,,,,
ooma,,this,,pronoun,awa,pronouns,,,,,
anihiñ,,those,,pronoun,awa,pronouns,,,,,
ana,,that,,pronoun,ooma,pronouns,,,,,
ookik,,these,,pronoun,ooma,pronouns,,,,,
awa,,this,,pronoun,ooma,pronouns,,,,,
anikik,,those,,pronoun,ooma,pronouns,,,,,
pico awiyek,,anyone,,pronoun,,pronouns,,,,,
picokeekway,,anything,,pronoun,,pronouns,,,,,
kahkiyaw awiyek,,everyone,,pronoun,,pronouns,,,,,
kahkiyaw keekway,,everything,,pronoun,,pronouns,,,,,
wiya,,he; she; they (singular),,pronoun,,pronouns,,,,,
niya,,I,,pronoun,,pronouns,,,,,
nama awiyek,,no one,,pronoun,,pronouns,,,,,
awiyek,,someone,,pronoun,,pronouns,,,,,
wiyawaaw,,they (plural),,pronoun,,pronouns,,,,,
kiyanaan,,we (all of us),,pronoun,,pronouns,,,,,
niyanaan,,we (you and I); we (just us),,pronoun,,pronouns,,,,,
kiyawaaw,,you (plural),,pronoun,,pronouns,,,,,
kiya,,you (singular),,pronoun,,pronouns,,,,,
chiiñ,,(yes/no marker),,,,questions,,,This is used to indicate that you are asking a yes/no question.,Kii-mowaaw chiiñ li toos a mataeñ?,Did you eat toast this morning?
taanshi,,how,,,,questions,,taanishi,,,
keekway,,what,,,,questions,,,,,
kel sort,,what type; what kind,,,,questions,,,,Kel sort di zhardinaazh ee-miyeeyihtaman?,What type of vegetables do you like?
taanshpii,,when,,,,questions,,taanishpii,,,
taandee,,where,,,,questions,,,,,
aweena,,who,,,,questions,,awaana,,,
aweenikik,,who all,,,,questions,,aweeniki; awaaniki,,,
taaneehki,,why,,,,questions,,,,,
en plot,,a ball,,noun,awa,society,,,,,
en zheu,,a game,,noun,,society,,,,,
larzhaañ,,money,,noun,,society,,,,,
Vaeñdarjii ,,Friday,,,,time,days of the week,,,,
Laeñjii ,,Monday,,,,time,days of the week,,,,
Samjii ,,Saturday,,,,time,days of the week,,,,
Jimaañsh ,,Sunday,,,,time,days of the week,,,,
Zhwiijii ,,Thursday,,,,time,days of the week,,,,
Morjii,,Tuesday,,,,time,days of the week,,,,
Mikarjii ,,Wednesday,,,,time,days of the week,,,,
Zhaañvyii ,,January,,,,time,months,,,,
Fevriyii ,,February,,,,time,months,,,,
Maar ,,March,,,,time,months,,,,
Avrii ,,April,,,,time,months,,,,
Mii ,,May,,,,time,months,,,,
Zhwaeñ ,,June,,,,time,months,,,,
Zhooyet ,,July,,,,time,months,,,,
ahoo ,,August,,,,time,months,,,,
Setaañb ,,September,,,,time,months,,,,
Oktob ,,October,,,,time,months,,,,
Novaañb ,,November,,,,time,months,,,,
Disaañb ,,December,,,,time,months,,,,
L’Otooñ ,,Fall,,,,time,seasons,,,,
Li Praeñtaañ ,,Spring,,,,time,seasons,,,,
L’Itii ,,Summer,,,,time,seasons,,,,
L'Iver ,,Winter,,,,time,seasons,,,,
lapree-mijii ,,afternoon,,,,time,time of day,,,,
o swer,,at night,,,,time,time of day,,,,
la swerii ,,evening,,,,time,time of day,,,,
maeñwii,,midnight,,,,time,time of day,,,,
li mataeñ ,,morning,,,,time,time of day,,,,
li swer,,night,,,,time,time of day,,,,
li mijii,,noon,,,,time,time of day,,,,
a swer,,tonight,,,,time,time of day,,,,
en zhoornii,,a day,,,,time,unit of time,,,,
aeñ zhoor,,a day,,,,time,unit of time,,,,
en minwit,,a minute,,,,time,unit of time,,,,
aeñ mwaañ,,a month,,,,time,unit of time,,,,
aeñ seezooñ,,a season,,,,time,unit of time,,,,
en smen,,a week,,,,time,unit of time,,,,
aeñ naañ,,a year,,,,time,unit of time,,,,
aeñ oer,,an hour,,,,time,unit of time,,,,
l’anii,,the year,,,,time,unit of time,,,,
keekaach,,almost,,,,time,,,,,
aashee,,already,,adverb,,time,,,,,
tahkinee,,always,,adverb,,time,,,,,
ohkaach(?),,ever,,adverb,,time,,ohkaat,,,
payish(?),,finally,,,,time,,piyish,,,
noo ohkaach(?),,never,,adverb,,time,,noo ohkaat,,,
eekwa,,"now, and",,,,time,,,,,
meekwaach,,right now; currently; presently,,adverb,,time,,meekwaat,,,
aashkaw,,sometimes,,adverb,,time,,,,,
wiipach,,soon,,adverb,,time,,wiipat,,,
kiyaapich,,still; yet; once again; more,,adverb,,time,,kiyaapit,,,
li taañ,,time,,,,time,,,,,
anoosh,,today,,,,time,,,,,
dimaeñ,,tomorrow,,,,time,,,,,
iyer,,yesterday,,,,time,,,,,
aeñ trok,,a truck,,noun,awa,transportation,,,,,
en van,,a van,,noun,awa,transportation,,,,,
aeñ kanoo,,a boat,,noun,ooma,transportation,,,,,
aeñ tire,,a tire,,noun,ooma,transportation,,,,,
aeñ bisik,,a bicycle,,noun,,transportation,,,,,
aeñ bus,,a bus,,noun,,transportation,,,,,
en chiket,,a ticket (train),,noun,,transportation,,,,,
aeñ shaar,,a train,,noun,,transportation,,,,,
aeñ eerpleen,,an airplane,,noun,,transportation,,,,,
l’eerpleen,,the airplane,,noun,,transportation,,,,,
zheekishin,,I am afraid,afraid,verb,,verbs,emotions,,,,
sheekishiw,,s/he is afraid,afraid,verb,,verbs,emotions,,,,
bimatishin,,I am alive,alive,verb,,verbs,current state,,,,
pimatishiw,,s/he is alive,alive,verb,,verbs,current state,,,,
gishiwashin,,I am angry,angry,verb,,verbs,emotions,,,,
kishiwashiw,,s/he is angry,angry,verb,,verbs,emotions,,,,
_____ ishinihkaashow,ishinihkaasho-,I am called _____,be called,verb,awa:,verbs,,,,,
_____ d-ishinihkaashon,ishinihkaasho-,s/he is called _____,be called,verb,awa:,verbs,,,,,
nohteekataan,nohteekatee-,I am hungry,be hungry,verb,awa:,verbs,,ni-nohteekataan,,,
nohteekateew,nohteekatee-,s/he is hungry,be hungry,verb,awa:,verbs,,,,,
pashkiyaakee,pashkiyaakee-,be the winner; win,be the winner,verb,awa:,verbs,command,,,,
bashkiyaakaan,pashkiyaakee-,I am the winner; I win,be the winner,verb,awa:,verbs,,,,,
pashkiyaakeew,pashkiyaakee-,s/he is the winner; s/he wins,be the winner,verb,awa:,verbs,,,,,
zhakateeyihten,,I am bored,bored,verb,,verbs,emotions,,,,
shakateeyihtam,,s/he is bored,bored,verb,,verbs,emotions,,,,
d-ahkonaaw(?),tahkon-,I am carrying -someone; something awa-,carry -someone; something awa-,verb,awa:awa,verbs,,,,,
tahkoneew,tahkon-,s/he is carrying -someone; something awa-,carry -someone; something awa-,verb,awa:awa,verbs,,,,,
tahkona(?),tahkon-,carry -something-,carry -something-,verb,awa:ooma,verbs,command,,,,
d-ahkonen(?),tahkon-,I am carrying -something-,carry -something-,verb,awa:ooma,verbs,,,,,
tahkonam,tahkon-,s/he is carrying -something-,carry -something-,verb,awa:ooma,verbs,,,,,
naatahapee,naatahapee-,check your nets,check your nets,verb,awa:,verbs,command,,,,
maato,maato-,cry,cry,verb,awa:,verbs,command,,,,
ni-maaton,maato-,I am crying,cry,verb,awa:,verbs,,,,,
maatow,maato-,s/he is crying,cry,verb,awa:,verbs,,,,,
manish,manishw-,cut -someone; something awa-,cut -someone; something awa-,verb,awa:awa,verbs,command,,,,
ni-manishwaaw(?),manishw-,I cut -someone; something awa-,cut -someone; something awa-,verb,awa:awa,verbs,,,,,
manishweew(?),manishw-,s/he cuts -someone; something awa-,cut -someone; something awa-,verb,awa:awa,verbs,,,,,
manisha,manish-,cut -something-,cut -something-,verb,awa:ooma,verbs,command,,,,
ni-manishen(?),manish-,I cut -something-,cut -something-,verb,awa:ooma,verbs,,,,,
manisham(?),manish-,s/he cuts -something-,cut -something-,verb,awa:ooma,verbs,,,,,
niimi,niimi-,dance,dance,verb,awa:,verbs,command,,,,
niimin,niimi-,I dance,dance,verb,awa:,verbs,,ni-niimin,,,
niimiw,niimi-,s/he dances,dance,verb,awa:,verbs,,,,,
zhiniwaateeyihten,,I am depressed,depressed,verb,,verbs,emotions,,,,
shiniwaateeyihtam,,s/he is depressed,depressed,verb,,verbs,emotions,,,,
nipoo,nipoo-,die; dying(?),die;dying,verb,awa:,verbs,command,,,,
nipoon,nipoo-,I am dying(?),die;dying,verb,awa:,verbs,,ni-nipoon,,,
nipoow,nipoo-,s/he is dying(?),die;dying,verb,awa:,verbs,,,,,
bakwaataaw,pakwaat-,I dislike -someone; something awa-,dislike -someone; something awa-,verb,awa:awa,verbs,,,,,
pakwaateew,pakwaat-,s/he dislikes -someone; something awa-,dislike -someone; something awa-,verb,awa:awa,verbs,,,,,
bakwaaten,pakwaat-,I dislike -something-,dislike -something-,verb,awa:ooma,verbs,,,,,
pakwaatam,pakwaat-,s/he dislikes -something-,dislike -something-,verb,awa:ooma,verbs,,,,,
minihkwee,minihkwee-,drink,drink -something-,verb,awa:ooma,verbs,command,,,,
ni-minihkwaan,minihkwee-,I am drinking,drink -something-,verb,awa:ooma,verbs,,,,,
minihkweew,minihkwee-,s/he is drinking,drink -something-,verb,awa:ooma,verbs,,,,,
mow,mow-,eat -something awa-,eat -something awa-,verb,awa:awa,verbs,command,,,,
ni-mowaaw,mow-,I am eating -something awa-,eat -something awa-,verb,awa:awa,verbs,,,,,
moweew,mow-,s/he is eating -something awa-,eat -something awa-,verb,awa:awa,verbs,,,,,
miichi(?),miichi-,eat -something-,eat -something-,verb,awa:ooma,verbs,command,,,,
ni-miichin,miichi-,I am eating -something-,eat -something- ,verb,awa:ooma,verbs,,,,,
miichiw,miichi-,s/he is eating -something-,eat -something- ,verb,awa:ooma,verbs,,,,,
miitsho,miitsho-,eat a meal,eat a meal,verb,awa:,verbs,command,,"This only refers to eating a meal, not specific items of food.",,
d-ohpimikaashoon,,I am excited,excited,verb,,verbs,emotions,,,,
ohpimikaashoow,,s/he is excited,excited,verb,,verbs,emotions,,,,
bahkishinin(?),pahkishin-,I am falling,fall,verb,awa:,verbs,,,,,
pahkishin,pahkishin-,s/he falls,fall,verb,awa:,verbs,,,,,
pahkihtinwa(?),pahkihtin-,they fall,fall,verb,oohiñ:,verbs,,,,,
pahkihtin,pahkihtin-,-something- falls,fall,verb,ooma:,verbs,,,,,
ni-maayimaschihon,,I do not feel well,feel unwell,verb,,verbs,emotions,,,,
maayimaschihow,,s/he does not feel well,feel unwell,verb,,verbs,emotions,,,,
ni-miyomaschihon,,I feel well,feel well,verb,,verbs,emotions,,,,
miyomaschihow,,s/he feels well,feel well,verb,,verbs,emotions,,,,
naash,naat-,fetch -someone; something awa-,fetch -someone; something awa-,verb,awa:awa,verbs,command,,,,
naataaw(?),naat-,I fetch -someone; something awa-,fetch -someone; something awa-,verb,awa:awa,verbs,,,,,
naateew(?),naat-,s/he fetches -someone; something awa-,fetch -someone; something awa-,verb,awa:awa,verbs,,,,,
naata,naat-,fetch -something-,fetch -something-,verb,awa:ooma,verbs,command,,,,
ni-naaten(?),naat-,I fetch -something-,fetch -something-,verb,awa:ooma,verbs,,,,,
naatam(?),naat-,s/he fetches -something-,fetch -something-,verb,awa:ooma,verbs,,,,,
mishkaw,mishkaw-,find -someone; something awa-,find -someone; something awa-,verb,awa:awa,verbs,command,,,,
ni-mishkawaaw(?),mishkaw-,I find -someone; something awa-,find -someone; something awa-,verb,awa:awa,verbs,,,,,
mishkaweew(?),mishkaw-,s/he finds -someone; something awa-,find -someone; something awa-,verb,awa:awa,verbs,,,,,
mishka,mishk-,find -something-,find -something-,verb,awa:ooma,verbs,command,,,,
ni-mishken(?),mishk-,I find -something-,find -something-,verb,awa:ooma,verbs,,,,,
mishkam(?),mishk-,s/he finds -something-,find -something-,verb,awa:ooma,verbs,,,,,
ni-wanihkaan,wanihkee-,I forget,forget -something-,verb,awa:,verbs,,,,,
wanihkeew,wanihkee-,s/he forgets,forget -something-,verb,awa:,verbs,,,,,
niihtakoshii,niihtakoshii-,get off; get down,get off,verb,awa:,verbs,command,,,,
niihtakoshiin(?),niihtakoshii-,I get down,get off,verb,awa:,verbs,,ni-niihtakoshiin(?),,,
niihtakoshiiw(?),niihtakoshii-,s/he gets down,get off,verb,awa:,verbs,,,,,
wanishkaa,wanishkaa-,get up (arise); get out of bed,get up (arise),verb,awa:,verbs,command,,,,
ni-wanishkaan,wanishkaa-,I get up (arise); I get out of bed,get up (arise),verb,awa:,verbs,,,,,
wanishkaaw,wanishkaa-,s/he gets up (arises); s/he gets out of bed,get up (arise),verb,awa:,verbs,,,,,
pashikoo,pashikoo-,get up (stand up),get up (stand up),verb,awa:,verbs,command,,,,
bashikoon,pashikoo-,I get up,get up (stand up),verb,awa:,verbs,,,,,
pashikoow,pashikoo-,s/he gets up,get up (stand up),verb,awa:,verbs,,,,,
miyin,miy-,give -something- to me,give -something- to -someone-,verb,awa:awa,verbs,command,,The item being given can be ooma or awa.,Miyin anima!,Give that to me!
ni-miyaaw(?),miy-,I give -something- to -someone-,give -something- to -someone-,verb,awa:awa,verbs,,,The item being given can be ooma or awa.,,
miyeew(?),miy-,s/he gives -something- to -someone-,give -something- to -someone-,verb,awa:awa,verbs,,,The item being given can be ooma or awa.,,
itohtee,itohtee-,go,go,verb,awa:,verbs,command,,,,
d-itohtaan,itohtee-,I am going,go,verb,awa:,verbs,,,,,
itohteew,itohtee-,s/he is going,go,verb,awa:,verbs,,,,,
ni-miyeeyihten,,I am happy,happy,verb,,verbs,emotions,,,,
miyeeyihtam,,s/he is happy,happy,verb,,verbs,emotions,,,,
d-ayaawaaw,ayaaw-,I have -something awa-,have -something awa-,verb,awa:awa,verbs,,,,,
ayaaweew,ayaaw-,s/he has -something awa-,have -something awa-,verb,awa:awa,verbs,,,,,
d-ayaan,ayaa-,I have -something-,have -something-,verb,awa:ooma,verbs,,,,,
ayaaw,ayaa-,s/he has -something-,have -something-,verb,awa:ooma,verbs,,,,,
kiishiish,kiishiishw-,heat/warm/cook -something awa-,heat/warm/cook -something awa-,verb,awa:awa,verbs,command,,,,
giishiishwaaw(?),kiishiishw-,I heat/warm/cook -something awa-,heat/warm/cook -something awa-,verb,awa:awa,verbs,,,,,
kiishiishweew(?),kiishiishw-,s/he heats/warms/cooks -something awa-,heat/warm/cook -something awa-,verb,awa:awa,verbs,,,,,
kiishiisha(?),kiishiish-,heat/warm/cook -something-,heat/warm/cook -something-,verb,awa:ooma,verbs,command,,,,
giishiishen(?),kiishiish-,I heat/warm/cook -something-,heat/warm/cook -something-,verb,awa:ooma,verbs,,,,,
kiishiisham(?),kiishiish-,s/he heats/warms/cooks -something-,heat/warm/cook -something-,verb,awa:ooma,verbs,,,,,
pakamah(?),pakamahw-,hit -someone; something awa-,hit -someone; something awa-,verb,awa:awa,verbs,command,,,,
bakamahwaaw,pakamahw-,hit -someone; something awa-,hit -someone; something awa-,verb,awa:awa,verbs,,,,,
pakamahweew,pakamahw-,hit -someone; something awa-,hit -someone; something awa-,verb,awa:awa,verbs,,,,,
pakamaha(?),pakamah-,hit -something-,hit -something-,verb,awa:ooma,verbs,command,,,,
bakamahen,pakamah-,I hit -something-,hit -something-,verb,awa:ooma,verbs,,,,,
pakamaham,pakamah-,s/he hits -something-,hit -something-,verb,awa:ooma,verbs,,,,,
gaahkweeihten,,I am jealous,jealous,verb,,verbs,emotions,,,,
kaahkweeihtam,,s/he is jealous,jealous,verb,,verbs,emotions,,,,
kwashkwahti,kwashkwahti-,jump,jump,verb,awa:,verbs,command,,,,
gwashkwahtin,kwashkwahti-,I jump,jump,verb,awa:,verbs,,,,,
kwashkwahtiw,kwashkwahti-,s/he jumps,jump,verb,awa:,verbs,,,,,
maamaakoon(?),maamaakoo-,knead -something awa-,knead -something awa-,verb,awa:awa,verbs,command,,,,
gishkeeyimaaw,kishkeeyim-,I know -someone; something awa-,know -someone; something awa-,verb,awa:awa,verbs,,,,,
kishkeeyimeew,kishkeeyim-,s/he knows -someone; something awa-,know -someone; something awa-,verb,awa:awa,verbs,,,,,
gishkeeyihten,kishkeeyiht-,I know -something-,know -something-,verb,awa:ooma,verbs,,,,,
kishkeeyihtam,kishkeeyiht-,s/he knows -something-,know -something-,verb,awa:ooma,verbs,,,,,
paahpi,paahpi-,laugh,laugh,verb,awa:,verbs,command,,,,
baahpin,paahpi-,I am laughing,laugh,verb,awa:,verbs,,,,,
paahpiw,paahpi-,s/he is laughing,laugh,verb,awa:,verbs,,,,,
pimishini,pimishin-,lie down,lie down,verb,awa:,verbs,command,,,,
bimishinin(?),pimishin-,I am lying down,lie down,verb,awa:,verbs,,,,,
pimishin(?),pimishin-,s/he is lying down,lie down,verb,awa:,verbs,,,,,
ni-miyeeyimaaw,miyeeyim-,I like -someone; something awa-,like -someone; something awa-,verb,awa:awa,verbs,,,,,
miyeeyimeew,miyeeyim-,s/he likes -someone; something awa-,like -someone; something awa-,verb,awa:awa,verbs,,,,,
ni-miyeeyihten,miyeeyiht-,I like -something-,like -something-,verb,awa:ooma,verbs,,,,,
miyeeyihtam,miyeeyiht-,s/he likes -something-,like -something-,verb,awa:ooma,verbs,,,,,
ni-wiihkishtaaw,wiihkisht-,I like the taste of -something awa-,like the taste of -something awa-,verb,awa:awa,verbs,,,,,
wiihkishteew,wiihkisht-,s/he likes the taste of -something awa-,like the taste of -something awa-,verb,awa:awa,verbs,,,,,
ni-wiihkishten,wiihkisht-,I like the taste of -something-,like the taste of -something-,verb,awa:ooma,verbs,,,,,
wiihkishtam,wiihkisht-,s/he likes the taste of -something awa-,like the taste of -something-,verb,awa:ooma,verbs,,,,,
natohtaw,natohtaw-,listen to -someone; something awa-,listen to -someone; something awa-,verb,awa:awa,verbs,command,,,,
ni-natohtawaaw(?),natohtaw-,I am listening to -someone; something awa-,listen to -someone; something awa-,verb,awa:awa,verbs,,,,,
natohtaweew(?),natohtaw-,s/he listens to -someone; something awa-,listen to -someone; something awa-,verb,awa:awa,verbs,,,,,
natohta,natoht-,listen to -something-,listen to -something-,verb,awa:ooma,verbs,command,,"For example, listening to music.",,
ni-natohten,natoht-,I listen to -something-,listen to -something-,verb,awa:ooma,verbs,,,"For example, listening to music.",,
natohtam,natoht-,s/he listens to -something-,listen to -something-,verb,awa:ooma,verbs,,,"For example, listening to music.",Lom natohtam la meuzik.,
oshih(?),oshih-,make -something awa-,make -something awa-,verb,awa:awa,verbs,command,,,,
d-oshihaaw,oshih-,I am making -something awa-,make -something awa-,verb,awa:awa,verbs,,,,,
oshiheew,oshih-,s/he is making -something awa-,make -something awa-,verb,awa:awa,verbs,,,,,
oshihtaa,oshihtaa-,make -something-,make -something-,verb,awa:ooma,verbs,command,,,,
d-oshihtaan,oshihtaa-,I am making -something-,make -something-,verb,awa:ooma,verbs,,,,,
oshihtaaw,oshihtaa-,s/he is making -something-,make -something-,verb,awa:ooma,verbs,,,,,
takwashtaa,takwashtaa-,mix/combine -something-,mix/combine -something-,verb,awa:ooma,verbs,command,,,,
meetawee,meetawee-,play,play (a game),verb,awa:,verbs,command,,,,
ni-meetawaan,meetawee-,I play,play (a game),verb,awa:,verbs,,,,,
meetaweew,meetawee-,s/he plays,play (a game),verb,awa:,verbs,,,,,
kitooshchikee,kitooshchikee-,play -something-,play (an instrument),verb,awa:,verbs,command,,,,
gitooshchikaan,kitooshchikee-,I play -something-,play (an instrument),verb,awa:,verbs,,,,,
kitooshchikeew,kitooshchikee-,s/he plays -something-,play (an instrument),verb,awa:,verbs,,,,,
nipoohkaasho,nipoohkaasho-,play dead,play dead,verb,awa:,verbs,command,,,,
shiikina,shiikin-,pour -something-,pour -something-,verb,awa:ooma,verbs,command,,,,
zhiikinen,shiikin-,I pour -something-,pour -something-,verb,awa:ooma,verbs,,,,,
shiikinam,shiikin-,s/he pours -something-,pour -something-,verb,awa:ooma,verbs,,,,,
maakoneew,maakon-,s/he pushes -someone; something awa-,push -someone; something awa-,verb,awa:awa,verbs,,,,La vyee maakoneew li bwaatooñ por lii pakee di biskwii.,The old woman pushes the button for the package of cookies.
ahi,ah-,put -someone; something awa- (in),put -someone; something awa- (in),verb,awa:awa,verbs,command,,,,
d-ahaaw,ah-,I put -someone; something awa-,put -someone; something awa- (in),verb,awa:awa,verbs,,,,,
aheew,ah-,s/he puts -someone; something awa-,put -someone; something awa- (in),verb,awa:awa,verbs,,,,,
potishka,potishk-,put -something- on,put -something- on,verb,awa:ooma,verbs,command,,,,
botishken,potishk-,I put -something- on,put -something- on,verb,awa:ooma,verbs,,,,,
potishkam,potishk-,s/he puts -something- on,put -something- on,verb,awa:ooma,verbs,,,,,
ashtaa,ashtaa-,put -something-; put -something- in,put -something-; put -something- in,verb,awa:ooma,verbs,command,,,Ashtaa apishiish li sel!,Put in a little salt!
d-ashtaan,ashtaa-,I put -something-,put -something-; put -something- in,verb,awa:ooma,verbs,,,,,
ashtaaw,ashtaa-,s/he puts -something-,put -something-; put -something- in,verb,awa:ooma,verbs,,,,,
ayamistaa,ayamistaa-,read -something-,read -something-,verb,awa:ooma,verbs,command,,,,
d-ayamistaan,ayamistaa-,I read -something-,read -something-,verb,awa:ooma,verbs,,,,,
ayamistaaw,ayamistaa-,s/he reads -something-,read -something-,verb,awa:ooma,verbs,,,,,
gishkishin,kishkishi-,I remember -something-,remember -something-,verb,awa:ooma,verbs,,,,,
kishkishiw,kishkishi-,s/he remembers -something-,remember -something-,verb,awa:ooma,verbs,,,,,
tihtipee,tihtipee-,roll over; roll around,roll over,verb,awa:,verbs,command,,,,
d-ihtipeen(?),tihtipee-,I roll over,roll over,verb,awa:,verbs,,,,,
tihtipeew(?),tihtipee-,s/he rolls over,roll over,verb,awa:,verbs,,,,,
pimbashtaa,pimbashtaa-,run,run,verb,awa:,verbs,command,,,,
bimbashtaan,pimbashtaa-,I run,run,verb,awa:,verbs,,,,,
pimbashtaaw,pimbashtaa-,s/he runs,run,verb,awa:,verbs,,,,,
waapam,waapam-,see -someone; something awa-,see -someone; something awa-,verb,awa:awa,verbs,command,,,,
ni-waapamaaw,waapam-,I see -someone; something awa-,see -someone; something awa-,verb,awa:awa,verbs,,,,,
waapameew,waapam-,s/he sees -someone; something awa-,see -someone; something awa-,verb,awa:awa,verbs,,,,Li lyeev waapameew li-shyaeñ-a.,The rabbit sees the dog.
waapahta,waapaht-,see -something-,see -something-,verb,awa:ooma,verbs,command,,,,
ni-waapahten,waapaht-,I see -something-,see -something-,verb,awa:ooma,verbs,,,,,
waapahtam,waapaht-,s/he sees -something-,see -something-,verb,awa:ooma,verbs,,,,,
shakchischeeniwee,shakchischeeniwee-(?),shake hands; shake a paw,shake hands,verb,awa:,verbs,command,,,,
d-ahkoshin,,I am sick,sick,verb,,verbs,emotions,,,,
ahkoshiw,,s/he is sick,sick,verb,,verbs,emotions,,,,
nakamo,nakamo-,sing,sing,verb,awa:,verbs,command,,,,
ni-nakamon(?),nakamo-,I am singing,sing,verb,awa:,verbs,,,,,
nakamow(?),nakamo-,s/he is singing,sing,verb,awa:,verbs,,,,,
api,api-,sit,sit,verb,awa:,verbs,command,,,,
d-apin,api-,I am sitting,sit,verb,awa:,verbs,,,,,
apiw,api-,s/he is sitting,sit,verb,awa:,verbs,,,,,
nipaa,nipaa-,sleep,sleep,verb,awa:,verbs,command,,,,
nipaan,nipaa-,I sleep,sleep,verb,awa:,verbs,,ni-nipaan,,,
nipaaw,nipaa-,s/he sleeps,sleep,verb,awa:,verbs,,,,,
kiishkish,kiishkishw-,slice/cut through -something awa-,slice -something awa-,verb,awa:awa,verbs,command,,,,
giishkishwaaw(?),kiishkishw-,I slice/cut through -something awa-,slice -something awa-,verb,awa:awa,verbs,,,,,
kiishkishweew(?),kiishkishw-,s/he slices/cuts through -something awa-,slice -something awa-,verb,awa:awa,verbs,,,,,
kiishkisha(?),kiishkish-,slice/cut through -something-,slice -something-,verb,awa:ooma,verbs,command,,,,
giishkishen(?),kiishkish-,I slice/cut through -something-,slice -something-,verb,awa:ooma,verbs,,,,,
kiishkisham(?),kiishkish-,s/he slices/cuts through -something-,slice -something-,verb,awa:ooma,verbs,,,,,
niipawi,niipawi-,stand,stand,verb,awa:,verbs,command,,,,
niipawin,niipawi-,I stand,stand,verb,awa:,verbs,,ni-niipawin,,,
niipawiw,niipawi-,s/he stands,stand,verb,awa:,verbs,,,,,
maachihtaa,maachihtaa-,start/begin -something-,start/begin -something-,verb,awa:ooma,verbs,command,,,,
ni-maachihtaan,maachihtaa-,I start/begin -something-,start/begin -something-,verb,awa:ooma,verbs,,,,,
maachihtaaw(?),maachihtaa-,s/he starts/begins -something-,start/begin -something-,verb,awa:ooma,verbs,,,,,
iteehi,iteeh-,stir -something awa-,stir -something awa-,verb,awa:awa,verbs,command,,,,
d-iteehaaw(?),iteeh-,I stir -something awa-,stir -something awa-,verb,awa:awa,verbs,,,,,
iteeheew(?),iteeh-,s/he stirs -something awa-,stir -something awa-,verb,awa:awa,verbs,,,,,
iteeha,iteeh-,stir -something-,stir -something-,verb,awa:ooma,verbs,command,,,,
d-iteehen,iteeh-,I stir -something-,stir -something-,verb,awa:ooma,verbs,,,,,
iteeham,iteeh-,s/he stirs -something-,stir -something-,verb,awa:ooma,verbs,,,,,
nakii,nakii-,stop,stop,verb,awa:,verbs,command,,,,
ni-nakiin,nakii-,I stop,stop,verb,awa:,verbs,,,,,
nakiiw,nakii-,s/he stops,stop,verb,awa:,verbs,,,,,
shiipii,shiipii-,stretch,stretch,verb,awa:,verbs,command,,,,
zhiipiin,shiipii-,I stretch,stretch,verb,awa:,verbs,,,,,
shiipiiw,shiipii-,s/he stretches,stretch,verb,awa:,verbs,,,,,
papaamotee(?),papaamotee-,stroll; go for a walk,stroll,verb,awa:,verbs,command,,,,
bapaamotaan(?),papaamotee-,I go for a walk,stroll,verb,awa:,verbs,,,,,
papaamoteew,papaamotee-,s/he goes for a walk,stroll,verb,awa:,verbs,,,,,
otin,otin-,take -someone; something awa-,take -someone; something awa-,verb,awa:awa,verbs,command,,,,
d-otinaaw,otin-,I take -someone; something awa-,take -someone; something awa-,verb,awa:awa,verbs,,,,,
otineew,otin-,s/he takes -someone; something awa-,take -someone; something awa-,verb,awa:awa,verbs,,,,,
otina,otin-,take -something-,take -something-,verb,awa:ooma,verbs,command,,,,
d-otinen,otin-,I take -something-,take -something-,verb,awa:ooma,verbs,,,,,
otinam,otin-,s/he takes -something-,take -something-,verb,awa:ooma,verbs,,,,,
d-ayeeshkoshin,,I am tired/fatigued,tired/fatigued,verb,,verbs,emotions,,,,
ayeeshkoshiw,,s/he is tired/fatigued,tired/fatigued,verb,,verbs,emotions,,,,
nishtohten,nishtoht-,I understand -something-,understand -something-,verb,awa:ooma,verbs,,ni-nishtohten,,,
nishtohtam,nishtoht-,s/he understands -something-,understand -something-,verb,awa:ooma,verbs,,,,,
aapachistaa,aapachistaa-,use -something-,use -something-,verb,awa:ooma,verbs,command,,,,
d-aapachistaan,aapachistaa-,I use -something-,use -something-,verb,awa:ooma,verbs,,,,,
aapachistaaw,aapachistaa-,s/he uses -something-,use -something-,verb,awa:ooma,verbs,,,,,
koshkopayi,koshkopayi-,wake up,wake up,verb,awa:,verbs,command,,,,
goshkopayin,koshkopayi-,I wake up,wake up,verb,awa:,verbs,,,,,
koshkopayiw,koshkopayi-,s/he wakes up,wake up,verb,awa:,verbs,,,,,
pimohtee,pimohtee-,walk,walk,verb,awa:,verbs,command,,,,
bimohtaan,pimohtee-,I am walking,walk,verb,awa:,verbs,,,,,
pimohteew,pimohtee-,s/he is walking,walk,verb,awa:,verbs,,,,,
daweeyimaaw,daweeyim-,I want -someone; something awa-,want -someone; something awa-,verb,awa:awa,verbs,,ni-daweeyimaaw,,,
daweeyimeew,daweeyim-,s/he wants -someone; something awa-,want -someone; something awa-,verb,awa:awa,verbs,,,,,
daweeyihten,daweeyiht-,I want -something-,want -something-,verb,awa:ooma,verbs,,ni-daweeyihten,,,
daweeyihtam,daweeyiht-,s/he wants -something-,want -something-,verb,awa:ooma,verbs,,,,,
kishiipeekin(?),kishiipeekin-,wash -someone; something awa-,wash -someone; something awa-,verb,awa:awa,verbs,command,,,,
gishiipeekinaaw(?),kishiipeekin-,I wash -someone; something awa-,wash -someone; something awa-,verb,awa:awa,verbs,,,,,
kishiipeekineew(?),kishiipeekin-,s/he washes -someone; something awa-,wash -someone; something awa-,verb,awa:awa,verbs,,,,,
kishiipeekina,kishiipeekin-,wash -something-,wash -something-,verb,awa:ooma,verbs,command,,,,
gishiipeekinen,kishiipeekin-,I wash -something-,wash -something-,verb,awa:ooma,verbs,,,,,
kishiipeekinam,kishiipeekin-,s/he washes -something-,wash -something-,verb,awa:ooma,verbs,,,,,
kanawaapam,kanawaapam-,watch -someone; something awa-,watch -someone; something awa-,verb,awa:awa,verbs,command,,,,
ganawaapamaaw,kanawaapam-,I am watching -someone; something awa-,watch -someone; something awa-,verb,awa:awa,verbs,,,,,
kanawaapameew,kanawaapam-,s/he is watching -someone; something awa-,watch -someone; something awa-,verb,awa:awa,verbs,,,,,
kanawaapahta,kanawaapaht-,watch -something-,watch -something- (observe),verb,awa:ooma,verbs,command,,,,
ganawaapahten,kanawaapaht-,I am watching -something-,watch -something- (observe),verb,awa:ooma,verbs,,,,,
kanawaapahtam,kanawaapaht-,s/he is watching -something-,watch -something- (observe),verb,awa:ooma,verbs,,,,,
gishkamaaw,kishka-,I am wearing -something awa-,wear -something awa-,verb,awa:awa,verbs,,,,,
kishkameew,kishka-,s/he is wearing -something awa-,wear -something awa-,verb,awa:awa,verbs,,,,,
kishka,kishka-,wear -something-,wear -something-,verb,awa:,verbs,command,,,,
gishken,kishka-,I am wearing -something-,wear -something-,verb,awa:ooma,verbs,,,,,
kishkam,kishka-,s/he is wearing -something-,wear -something-,verb,awa:ooma,verbs,,,,,
kaashiiha,kaashiih-,wipe -something-,wipe -something-,verb,awa:ooma,verbs,command,,,,
gaashiihen,kaashiih-,I wipe -something-,wipe -something-,verb,awa:ooma,verbs,,,,,
kaashiiham,kaashiih-,s/he wipes -something-,wipe -something-,verb,awa:ooma,verbs,,,,,
atoshkee,atoshkee-,work,work,verb,awa:,verbs,command,,,,
d-atoshkaan,atoshkee-,I work,work,verb,awa:,verbs,,,,,
atoshkeew,atoshkee-,S/he works,work,verb,awa:,verbs,,,,,
